{"camera_matrix": [[1609.2254565470128, 0.0, 629.226018397677], [0.0, 1611.0948222108746, 457.0160255555857], [0.0, 0.0, 1.0]], "distortion_coeffs": [0.21612954796120193, 0.46147290522902323, 0.019237167477694887, 0.025591155298807445, -3.0116562036995216]}