{"camera_matrix": [[991.0963013846786, 0.0, 496.740295086221], [0.0, 996.5814638560839, 353.50382279297344], [0.0, 0.0, 1.0]], "distortion_coeffs": [0.1993067000410688, -1.730817455189905, -0.0032817996074510068, -0.0030676791442220282, 5.382927253101957]}